t,y,y_true,y_hat,err,sched
0,-0.02608019352765943,-0.010265915447821416,-0.010714665449379627,0.0004487500015582114,1.0
1,0.009388608219060566,-0.02608019352765943,-0.016777207771016184,-0.009302985756643248,0.9998026241462927
2,-0.012408214256409764,0.009388608219060566,-0.016049023527746002,0.02543763174680657,0.9992106913713086
3,0.01550537644851662,-0.012408214256409764,-0.014426454628941411,0.002018240372531647,0.9982247858412321
4,-0.02031990339499162,0.01550537644851662,-0.013073200917232599,0.028578577365749216,0.9968458805257912
5,-0.021045552840421956,-0.02031990339499162,-0.009242475185740763,-0.011077428209250857,0.9950753362380551
6,-0.030131051322123754,-0.021045552840421956,-0.009916302125883477,-0.011129250714538479,0.9929149002914757
7,-0.01056076250151811,-0.030131051322123754,-0.01273796594472096,-0.017393085377402792,0.9903667047754989
8,-0.031684888732976264,-0.01056076250151811,-0.012169256383582605,0.0016084938820644951,0.9874332644514525
9,-0.03386019814138668,-0.031684888732976264,-0.015049004192340154,-0.01663588454063611,0.9841174742707772
10,-0.062103298177813786,-0.03386019814138668,-0.013090331938853207,-0.020769866202533474,0.9804226065180615
11,-0.0923948950810869,-0.062103298177813786,-0.028312702421905762,-0.03379059575590802,0.9763523075816902
12,-0.06790227456915941,-0.0923948950810869,-0.02839018375814336,-0.06400471132294355,0.9719105943553006
13,-0.1001674367409138,-0.06790227456915941,-0.022100782985204504,-0.04580149158395491,0.9671018502735924
14,-0.09334357896332227,-0.1001674367409138,-0.030468734122186994,-0.06969870261872681,0.9619308209864079
15,-0.09950807120458666,-0.09334357896332227,-0.04555256649561741,-0.047791012467704855,0.9564026096753471
16,-0.12716574606527417,-0.09950807120458666,-0.050043661657740664,-0.04946440954684599,0.9505226720175455
17,-0.11917688723057819,-0.12716574606527417,-0.04461232968387608,-0.0825534163813981,0.9442968108015775
18,-0.12132612931962963,-0.11917688723057819,-0.07026823525268791,-0.04890865197789028,0.937731170200806
19,-0.09056325467065235,-0.12132612931962963,-0.0855774196523226,-0.03574870966730703,0.9308322297098248
20,-0.11063479191544207,-0.09056325467065235,-0.1000290827405097,0.009465828069857352,0.9236067977499791
21,-0.1386150699798363,-0.11063479191544207,-0.06470704396872293,-0.04592774794671914,0.9160620049502761
22,-0.15211205457549745,-0.1386150699798363,-0.06576521736333234,-0.07284985261650397,0.9082052971103158
23,-0.11631523739880195,-0.15211205457549745,-0.09598964623678743,-0.05612240833871002,0.900044427852184
24,-0.11346748035127432,-0.11631523739880195,-0.09348673223904877,-0.022828505159753182,0.8915874509685646
25,-0.10960635772915747,-0.11346748035127432,-0.10565515553169795,-0.0078123248195763745,0.882842712474619
26,-0.1183051444688392,-0.10960635772915747,-0.0844428836771907,-0.02516347405196677,0.8738188423714754
27,-0.13361419598957122,-0.1183051444688392,-0.08892453709738528,-0.029380607371453926,0.8645247461294607
28,-0.14974085679798255,-0.13361419598957122,-0.08820807934425093,-0.045406116645320294,0.8549695958994759
29,-0.14201304025778663,-0.14974085679798255,-0.10697342316127995,-0.0427674336367026,0.8451628214611906
30,-0.14687372993493086,-0.14201304025778663,-0.10611641087185072,-0.03589662938593591,0.8351141009169893
31,-0.14959708270612682,-0.14687372993493086,-0.11646908252464429,-0.030404647410286575,0.8248333511408523
32,-0.1414919315758288,-0.14959708270612682,-0.1299652042381473,-0.019631878467979508,0.8143307179915986
33,-0.14517370557487036,-0.1414919315758288,-0.0723867575576244,-0.06910517401820439,0.8036165663001487
34,-0.14482346832983828,-0.14517370557487036,-0.13486306027496908,-0.010310645299901278,0.7927014696406862
35,-0.12037958931333274,-0.14482346832983828,-0.1286456187701751,-0.01617784955966317,0.7815961998958187
36,-0.1259483317325668,-0.12037958931333274,-0.09032305142780359,-0.030056537885529158,0.7703117166260292
37,-0.1270712076538943,-0.1259483317325668,-0.13687889493358593,0.010930563201019122,0.7588591562539122
38,-0.10183322352256838,-0.1270712076538943,-0.131244173758335,0.004172966104440706,0.7472498210738714
39,-0.11598068580254921,-0.10183322352256838,-0.15512370798507674,0.053290484462508364,0.7354951680981168
40,-0.12363228390276303,-0.11598068580254921,-0.11922747908231328,0.003246793279764071,0.7236067977499789
41,-0.13166199016407168,-0.12363228390276303,-0.13244143372176373,0.008809149819000703,0.7115964424156918
42,-0.10950527792550971,-0.13166199016407168,-0.09010001351482315,-0.04156197664924853,0.6994759548659419
43,-0.06481437193917698,-0.10950527792550971,-0.1307853907600422,0.02128011283453249,0.6872572965586171
44,-0.04081376992925996,-0.06481437193917698,-0.04955647685505135,-0.01525789508412563,0.6749525258342899
45,-0.06364018663140468,-0.04081376992925996,-0.09896178449876557,0.05814801456950561,0.6625737860160924
46,-0.07720533360432534,-0.06364018663140468,-0.14152261614010078,0.0778824295086961,0.6501332934257218
47,-0.09448722849530955,-0.07720533360432534,-0.1129296671541694,0.035724333549844056,0.6376433253274058
48,-0.1338511840199522,-0.09448722849530955,-0.10520733676897565,0.010720108273666096,0.6251162078117254
49,-0.1082839631047205,-0.1338511840199522,-0.07554943168549985,-0.05830175233445234,0.6125643036312514
50,-0.07110976138658641,-0.1082839631047205,-0.09206610311630498,-0.016217859988415517,0.6000000000000001
51,-0.09784940646182268,-0.07110976138658641,-0.07471313900929481,0.0036033776227084036,0.5874356963687487
52,-0.11968735277948848,-0.09784940646182268,-0.14010757327645118,0.0422581668146285,0.5748837921882747
53,-0.13532164807998384,-0.11968735277948848,-0.10013756352236194,-0.01954978925712654,0.5623566746725943
54,-0.17389276295594572,-0.13532164807998384,-0.10132373281983001,-0.03399791526015383,0.5498667065742784
55,-0.16832904746442667,-0.17389276295594572,-0.12123913146179977,-0.05265363149414595,0.5374262139839077
56,-0.17398825756872185,-0.16832904746442667,-0.10546697474247206,-0.06286207272195461,0.5250474741657102
57,-0.15951831347883536,-0.17398825756872185,-0.10468018100760722,-0.06930807656111464,0.5127427034413832
58,-0.15940842540332018,-0.15951831347883536,-0.12779461466081282,-0.03172369881802253,0.500524045134058
59,-0.18072572945529852,-0.15940842540332018,-0.13345182125097738,-0.0259566041523428,0.48840355758430837
60,-0.15042102343690766,-0.18072572945529852,-0.12448351439738142,-0.0562422150579171,0.4763932022500212
61,-0.15865302647599244,-0.15042102343690766,-0.1377747849326344,-0.012646238504273266,0.46450483190188346
62,-0.15045591834511532,-0.15865302647599244,-0.08777247653981744,-0.070880549936175,0.45275017892612895
63,-0.1500687653648498,-0.15045591834511532,-0.15843068034544,0.007974762000324681,0.44114084374608775
64,-0.14770468960624744,-0.1500687653648498,-0.1031372077347403,-0.046931557630109505,0.42968828337397097
65,-0.13554353035875263,-0.14770468960624744,-0.11411098784308842,-0.033593701763159026,0.4184038001041813
66,-0.11480051721728546,-0.13554353035875263,-0.1177845099008286,-0.017759020457924032,0.40729853035931385
67,-0.09567830534970104,-0.11480051721728546,-0.16766256109639976,0.05286204387911431,0.3963834336998515
68,-0.152184115187654,-0.09567830534970104,-0.16709380785783684,0.0714155025081358,0.3856692820084013
69,-0.1534868207850612,-0.152184115187654,-0.0990427426050745,-0.05314137258257952,0.37516664885914774
70,-0.15139609289884778,-0.1534868207850612,-0.11123602143045987,-0.04225079935460134,0.36488589908301083
71,-0.13365402880863952,-0.15139609289884778,-0.1602215987323479,0.008825505833500114,0.35483717853880936
72,-0.1317875155007281,-0.13365402880863952,-0.12466180270619852,-0.008992226102441006,0.3450304041005241
73,-0.1488492345193857,-0.1317875155007281,-0.09776100552854003,-0.03402650997218806,0.33547525387053934
74,-0.1524598584434644,-0.1488492345193857,-0.14533963459819324,-0.003509599921192458,0.3261811576285245
75,-0.14808613224064854,-0.1524598584434644,-0.11953394281357389,-0.032925915629890515,0.317157287525381
76,-0.18088633655292574,-0.14808613224064854,-0.14103676765387016,-0.007049364586778378,0.3084125490314355
77,-0.1771158922505071,-0.18088633655292574,-0.07844574741197,-0.10244058914095575,0.2999555721478162
78,-0.17888536056346235,-0.1771158922505071,-0.15696582266035813,-0.020150069590148978,0.29179470288968434
79,-0.16539700953216926,-0.17888536056346235,-0.11211171256616817,-0.06677364799729418,0.28393799504972383
80,-0.11853919104958516,-0.16539700953216926,-0.15993816525716256,-0.005458844275006702,0.27639320225002106
81,-0.12710326704933705,-0.11853919104958516,-0.18060292572034325,0.0620637346707581,0.26916777029017536
82,-0.11932006821747991,-0.12710326704933705,-0.13049365287777717,0.003390385828440118,0.2622688297991941
83,-0.09283442302258678,-0.11932006821747991,-0.10675815773000773,-0.012561910487472183,0.2557031891984225
84,-0.14197139377538945,-0.09283442302258678,-0.12754535914062215,0.03471093611803537,0.2494773279824546
85,-0.1667193682117204,-0.14197139377538945,-0.1371394506719329,-0.004831943103456554,0.24359739032465288
86,-0.15029177892030027,-0.1667193682117204,-0.11470747910209941,-0.052011889109620985,0.23806917901359226
87,-0.13769457054823542,-0.15029177892030027,-0.15447281066866378,0.004181031748363512,0.23289814972640766
88,-0.12060595579810798,-0.13769457054823542,-0.1160265153320581,-0.021668055216177318,0.22808940564469948
89,-0.10415918635424662,-0.12060595579810798,-0.14493412540189216,0.024328169603784172,0.22364769241830984
90,-0.11851954215671802,-0.10415918635424662,-0.1575477521810623,0.05338856582681567,0.2195773934819386
91,-0.08689796559870482,-0.11851954215671802,-0.14871261675117217,0.030193074594454153,0.21588252572922284
92,-0.07988708711526131,-0.08689796559870482,-0.12295389466579931,0.0360559290670945,0.21256673554854763
93,-0.05708695565258318,-0.07988708711526131,-0.1477120870738364,0.06782499995857509,0.20963329522450108
94,-0.0735706809762916,-0.05708695565258318,-0.11615111482676661,0.059064159174183437,0.2070850997085245
95,-0.08564487655931702,-0.0735706809762916,-0.1332338291434833,0.059663148167191704,0.20492466376194496
96,-0.08528253351562666,-0.08564487655931702,-0.15151276398288036,0.06586788742356334,0.20315411947420892
97,-0.06802506047388993,-0.08528253351562666,-0.13326092683098495,0.04797839331535829,0.201775214158768
98,-0.0760017625576667,-0.06802506047388993,-0.12791884696140324,0.05989378648751331,0.20078930862869138
99,-0.06987531888392258,-0.0760017625576667,-0.10619057765674596,0.030188815099079253,0.20019737585370737
100,-0.049439134492343766,-0.06987531888392258,-0.061128616129453736,-0.008746702754468844,0.2
101,0.01590225180366015,-0.049439134492343766,-0.1448521320559139,0.09541299756357013,0.20019737585370737
102,0.025981604660969857,0.01590225180366015,-0.12962640114038843,0.14552865294404857,0.20078930862869138
103,0.03886878145515722,0.025981604660969857,-0.08336536835892014,0.10934697301988999,0.201775214158768
104,0.03273961377446661,0.03886878145515722,-0.11780883490805026,0.15667761636320748,0.20315411947420886
105,-0.006606350079029357,0.03273961377446661,-0.11813492311430773,0.15087453688877434,0.2049246637619449
106,0.008061028512686827,-0.006606350079029357,-0.09203395068482863,0.08542760060579926,0.20708509970852457
107,-0.007817455601830878,0.008061028512686827,-0.1112151903580931,0.11927621887077992,0.20963329522450103
108,-0.022100899270802915,-0.007817455601830878,-0.11075431414136822,0.10293685853953734,0.21256673554854755
109,-0.016979961431747126,-0.022100899270802915,-0.12265814158026728,0.10055724230946436,0.21588252572922273
110,-0.023911260361823405,-0.016979961431747126,-0.09988284807595714,0.08290288664421001,0.21957739348193855
111,-0.04396599974149513,-0.023911260361823405,-0.08889489236635915,0.06498363200453575,0.22364769241830984
112,-0.04475184014365252,-0.04396599974149513,-0.11846056992717921,0.07449457018568409,0.22808940564469943
113,-0.06805546925024053,-0.04475184014365252,-0.09294525914435459,0.048193419000702065,0.23289814972640752
114,-0.06404787586609595,-0.06805546925024053,-0.08552293516304219,0.017467465912801655,0.23806917901359215
115,-0.08221071527817125,-0.06404787586609595,-0.08352704813288078,0.019479172266784833,0.24359739032465294
116,-0.08854142706070015,-0.08221071527817125,-0.08096888607668,-0.001241829201491254,0.24947732798245462
117,-0.06612540945540166,-0.08854142706070015,-0.08687390839762175,-0.0016675186630783906,0.25570318919842255
118,-0.06510949997059663,-0.06612540945540166,-0.09166466511121513,0.02553925565581347,0.26226882979919397
119,-0.11698677512032948,-0.06510949997059663,-0.0695151336083181,0.004405633637721465,0.2691677702901752
120,-0.17413246633927953,-0.11698677512032948,-0.09287964760365855,-0.024107127516670934,0.2763932022500209
121,-0.1773199452231663,-0.17413246633927953,-0.06887285725824123,-0.1052596090810383,0.2839379950497239
122,-0.14264059445549981,-0.1773199452231663,-0.08269400561778582,-0.09462593960538047,0.29179470288968434
123,-0.1026627027190712,-0.14264059445549981,-0.08422381711426961,-0.0584167773412302,0.29995557214781615
124,-0.10121617193517027,-0.1026627027190712,-0.07576763603463119,-0.026895066684440014,0.3084125490314353
125,-0.07430543324163046,-0.10121617193517027,-0.059421557075829814,-0.041794614859340454,0.31715728752538086
126,-0.0556501987380804,-0.07430543324163046,-0.0918534991767669,0.017548065935136442,0.32618115762852457
127,-0.029506184516921517,-0.0556501987380804,-0.07873922116766391,0.02308902242958351,0.3354752538705392
128,-0.023631925397377566,-0.029506184516921517,-0.07426230195433933,0.044756117437417815,0.3450304041005242
129,0.004205492292175274,-0.023631925397377566,-0.08062995909434512,0.05699803369696755,0.3548371785388094
130,0.0033716938594786777,0.004205492292175274,-0.07053150195478655,0.07473699424696183,0.3648858990830107
131,0.017466362459716278,0.0033716938594786777,-0.08481657753898211,0.08818827139846079,0.37516664885914763
132,0.06828876800789985,0.017466362459716278,-0.07441172445846243,0.09187808691817871,0.3856692820084015
133,0.04684837430085335,0.06828876800789985,-0.04251930341320229,0.11080807142110213,0.3963834336998516
134,0.014740939526746115,0.04684837430085335,-0.0759913267594354,0.12283970106028874,0.40729853035931396
135,0.06126907685003149,0.014740939526746115,-0.06509981058815324,0.07984075011489936,0.4184038001041812
136,0.0443679878545287,0.06126907685003149,-0.05413970959352483,0.11540878644355632,0.42968828337397114
137,0.07807337985571405,0.0443679878545287,-0.07445948518265626,0.11882747303718497,0.4411408437460879
138,0.07781433087461422,0.07807337985571405,-0.05164612676178741,0.12971950661750148,0.4527501789261289
139,0.0891327700912173,0.07781433087461422,-0.016654058497332695,0.0944683893719469,0.46450483190188346
140,0.10471293298861047,0.0891327700912173,-0.05062777595607507,0.13976054604729238,0.476393202250021
141,0.15065513481635456,0.10471293298861047,-0.03114008461232628,0.13585301760093674,0.4884035575843082
142,0.14400123904021106,0.15065513481635456,-0.02498104672197135,0.17563618153832591,0.5005240451340582
143,0.18922293385472153,0.14400123904021106,-0.017927480197921307,0.16192871923813237,0.5127427034413831
144,0.20487432999325147,0.18922293385472153,-0.002937191328604691,0.1921601251833262,0.5250474741657102
145,0.20468761953154815,0.20487432999325147,0.008812710533535849,0.19606161945971562,0.5374262139839077
146,0.20245542482552364,0.20468761953154815,0.023254424931615114,0.18143319459993304,0.5498667065742782
147,0.19683736100089283,0.20245542482552364,0.04284564977909651,0.15960977504642715,0.5623566746725944
148,0.24013770043410587,0.19683736100089283,0.03917014372569423,0.1576672172751986,0.5748837921882748
149,0.23807367155647924,0.24013770043410587,0.06212924964608173,0.17800845078802413,0.5874356963687487
150,0.2486742980388155,0.23807367155647924,0.06771145534088219,0.17036221621559705,0.5999999999999999
151,0.24910020229845817,0.2486742980388155,0.08763930588451951,0.16103499215429598,0.6125643036312511
152,0.24273935493676616,0.24910020229845817,0.03858772861505639,0.21051247368340179,0.6251162078117252
153,0.23520665626689685,0.24273935493676616,0.10842348162762716,0.134315873309139,0.6376433253274059
154,0.24409402900406058,0.23520665626689685,0.10534936929496977,0.12985728697192708,0.6501332934257218
155,0.23425962540733972,0.24409402900406058,0.11932227723402339,0.12477175177003719,0.6625737860160923
156,0.23301460235321397,0.23425962540733972,0.13545701351846418,0.09880261188887554,0.6749525258342898
157,0.22932615681118781,0.23301460235321397,0.14323496331217433,0.08977963904103964,0.6872572965586168
158,0.2057822845780678,0.22932615681118781,0.11099638408792656,0.11832977272326126,0.6994759548659419
159,0.23037037158372786,0.2057822845780678,0.1384429371593462,0.0673393474187216,0.7115964424156918
160,0.24468623478803378,0.23037037158372786,0.1096571971935852,0.12071317439014266,0.7236067977499789
161,0.26416549817861773,0.24468623478803378,0.1683536646217304,0.07633257016630338,0.7354951680981165
162,0.2640787768209085,0.26416549817861773,0.16355749200573086,0.10060800617288687,0.747249821073871
163,0.28374174688744225,0.2640787768209085,0.13661818807339918,0.12746058874750935,0.758859156253912
164,0.28450089750150725,0.28374174688744225,0.2150958967617031,0.06864585012573915,0.7703117166260287
165,0.29852276443596065,0.28450089750150725,0.16696225197534703,0.11753864552616022,0.7815961998958183
166,0.3010340235209025,0.29852276443596065,0.2036474343043282,0.09487533013163246,0.7927014696406862
167,0.29578732896230187,0.3010340235209025,0.26623039165385387,0.03480363186704866,0.8036165663001487
168,0.29887248455642107,0.29578732896230187,0.19659419671032402,0.09919313225197784,0.8143307179915988
169,0.2716220726572085,0.29887248455642107,0.2777992508941691,0.021073233662251944,0.8248333511408523
170,0.22843639563472945,0.2716220726572085,0.20086658908728816,0.07075548356992034,0.8351141009169891
171,0.24455487380680394,0.22843639563472945,0.21079942971379187,0.01763696592093758,0.8451628214611906
172,0.2322288671763278,0.24455487380680394,0.230466549151148,0.014088324655655932,0.8549695958994759
173,0.2539196343974873,0.2322288671763278,0.18886425546049365,0.04336461171583414,0.8645247461294605
174,0.2209943669341375,0.2539196343974873,0.22923863926128824,0.02468099513619909,0.8738188423714752
175,0.20583348784415859,0.2209943669341375,0.22334275719748722,-0.0023483902633497367,0.8828427124746188
176,0.20754096602445826,0.20583348784415859,0.23110823185766416,-0.025274744013505573,0.8915874509685646
177,0.1835740339243144,0.20754096602445826,0.18274336195641433,0.024797604068043932,0.900044427852184
178,0.18696826328072053,0.1835740339243144,0.290034758278758,-0.10646072435444362,0.9082052971103158
179,0.17264623595816347,0.18696826328072053,0.25274855157374126,-0.06578028829302074,0.9160620049502761
180,0.14129983733074006,0.17264623595816347,0.1995832158427779,-0.026936979884614437,0.9236067977499791
181,0.14426420630609413,0.14129983733074006,0.21077432969023105,-0.06947449235949099,0.9308322297098248
182,0.1339002818862027,0.14426420630609413,0.13137704229696748,0.01288716400912665,0.937731170200806
183,0.13074571218844258,0.1339002818862027,0.2111115374573077,-0.077211255571105,0.9442968108015772
184,0.12741058422815496,0.13074571218844258,0.1687158517621615,-0.03797013957371892,0.9505226720175453
185,0.12597569177568224,0.12741058422815496,0.1724112003822701,-0.04500061615411513,0.9564026096753471
186,0.11926354473229263,0.12597569177568224,0.18745830769558497,-0.06148261591990273,0.9619308209864077
187,0.12276994816429167,0.11926354473229263,0.19973056906148848,-0.08046702432919585,0.9671018502735926
188,0.09660812196076819,0.12276994816429167,0.17322149254107239,-0.05045154437678072,0.9719105943553006
189,0.10183499503935446,0.09660812196076819,0.1686756188753297,-0.0720674969145615,0.9763523075816902
190,0.11876082473000388,0.10183499503935446,0.1947382580507771,-0.09290326301142264,0.9804226065180615
191,0.10991911556812912,0.11876082473000388,0.1196901782492876,-0.000929353519283721,0.9841174742707772
192,0.08847134628499359,0.10991911556812912,0.11005782663939412,-0.0001387110712649936,0.9874332644514525
193,0.11084081629659329,0.08847134628499359,0.1892974264851961,-0.1008260802002025,0.9903667047754989
194,0.1110605524730244,0.11084081629659329,0.0948074564613485,0.016033359835244787,0.9929149002914757
195,0.11577993264317671,0.1110605524730244,0.15350901266510736,-0.042448460192082954,0.9950753362380551
196,0.06664643936104812,0.11577993264317671,0.15488780514857842,-0.03910787250540171,0.9968458805257912
197,0.06183552603478137,0.06664643936104812,0.13507966586250916,-0.06843322650146104,0.9982247858412321
198,0.07329612987173813,0.06183552603478137,0.16329414734389336,-0.10145862130911198,0.9992106913713086
199,0.04857399882334632,0.07329612987173813,0.08805732295126088,-0.014761193079522755,0.9998026241462927
200,0.06987901661086442,0.04857399882334632,0.10187195301494381,-0.05329795419159749,0.3037823947563982
201,0.044869544567853685,0.06987901661086442,0.09839000357450736,-0.028510986963642945,0.3090505433707806
202,0.09124373514573787,0.044869544567853685,0.09303014494025892,-0.048160600372405236,0.31442810617684036
203,0.061744431519391886,0.09124373514573787,0.09300782285532132,-0.001764087709583445,0.31991306089313254
204,0.06504097099363683,0.061744431519391886,0.10505659020313678,-0.04331215868374489,0.32550334485250654
205,0.06582424593514404,0.06504097099363683,0.08798780834652226,-0.022946837352885427,0.33119685577779095
206,0.060310608378579614,0.06582424593514404,0.08077971408755767,-0.014955468152413637,0.3369914525723744
207,0.07351682750720115,0.060310608378579614,0.08902471688558254,-0.028714108507002928,0.3428849561253842
208,0.08697520805602982,0.07351682750720115,0.09724273968084035,-0.023725912173639202,0.3488751501311607
209,0.11686625744603177,0.08697520805602982,0.08781015595241046,-0.0008349478963806389,0.35495978192271893
210,0.08234150012754542,0.11686625744603177,0.07248801676058546,0.04437824068544631,0.36113656331888555
211,0.06666184363773953,0.08234150012754542,0.0834656415566739,-0.001124141429128478,0.3674031714847893
212,0.06947087773836773,0.06666184363773953,0.11402021510944173,-0.0473583714717022,0.37375724980538444
213,0.06672586535678453,0.06947087773836773,0.09327997547865065,-0.02380909774028292,0.38019640877167765
214,0.06278596056694877,0.06672586535678453,0.08595282257185538,-0.019226957215070853,0.3867182268793235
215,0.057848904532227456,0.06278596056694877,0.08985664680684821,-0.027070686239899444,0.39332025153925476
216,0.03801061824559086,0.057848904532227456,0.07102786340477803,-0.013178958872550571,0.39999999999999986
217,0.0263325387116004,0.03801061824559086,0.10050479167605735,-0.06249417343046648,0.4067549602813444
218,-0.001393942670140124,0.0263325387116004,0.0679017012528156,-0.0415691625412152,0.4135825921189842
219,-0.006086001338217404,-0.001393942670140124,0.08528874761504728,-0.0866826902851874,0.42048032791981504
220,-0.04895217980171699,-0.006086001338217404,0.09157631874304287,-0.09766232008126027,0.4274455737274988
221,-0.05519109653504379,-0.04895217980171699,0.08015724051217706,-0.12910942031389405,0.4344757101979444
222,-0.051458102025442064,-0.05519109653504379,0.07253910861830902,-0.12773020515335282,0.4415680935843373
223,-0.08814486738483382,-0.051458102025442064,0.052256504187900545,-0.10371460621334261,0.44872005673134296
224,-0.07525640751559291,-0.08814486738483382,0.04390207286747458,-0.1320469402523084,0.45592891007811565
225,-0.09074990161908433,-0.07525640751559291,0.0507525181264343,-0.1260089256420272,0.4631919426697323
226,-0.08542273350676752,-0.09074990161908433,0.04352863717954711,-0.13427853879863144,0.47050642317667163
227,-0.08039323599129987,-0.08542273350676752,0.03357810448967889,-0.11900083799644641,0.47786960092195474
228,-0.052623231472647636,-0.08039323599129987,0.026126981953494034,-0.10652021794479391,0.48527870691556374
229,-0.045639024625751486,-0.052623231472647636,0.021888820282034302,-0.07451205175468194,0.4927309548957448
230,-0.057626455418129593,-0.045639024625751486,0.019042397171352837,-0.06468142179710432,0.5002235423768076
231,-0.022418336173028984,-0.057626455418129593,0.018074647335440123,-0.07570110275356971,0.5077536517030239
232,-0.011590320620408195,-0.022418336173028984,0.013554527479723202,-0.035972863652752186,0.5153184511082356
233,-0.027646461816579548,-0.011590320620408195,0.01121912078393845,-0.022809441404346646,0.5229150957807642
234,-0.0013747176871226302,-0.027646461816579548,0.009823455960041869,-0.03746991777662142,0.5305407289332279
235,-0.012615214443614391,-0.0013747176871226302,0.008730591834856534,-0.010105309521979165,0.5381924828768638
236,-0.007941418606265958,-0.012615214443614391,0.007650026055550821,-0.020265240499165213,0.5458674800999475
237,-0.009011041155050066,-0.007941418606265958,0.0064108365089262185,-0.014352255115192177,0.5535628343499077
238,-0.01985559892859193,-0.009011041155050066,0.004439147740657939,-0.013450188895708004,0.5612756517187284
239,-0.016258809107524207,-0.01985559892859193,0.00399925275857697,-0.0238548516871689,0.5690030317312276
240,-0.011618266532231525,-0.016258809107524207,0.002990873311376575,-0.019249682418900783,0.5767420684358096
241,0.020615433040041608,-0.011618266532231525,0.00131189079366108,-0.012930157325892606,0.5844898514972734
242,0.05417574949093592,0.020615433040041608,-0.0005591444005817714,0.021174577440623378,0.5922434672912703
243,0.04876892013008351,0.05417574949093592,0.0018363510419044634,0.05233939844903145,0.5999999999999999
244,0.04983297857678562,0.04876892013008351,0.004958560831310049,0.04381035929877346,0.6077565327087295
245,0.032577765633717226,0.04983297857678562,0.008905981304993121,0.0409269972717925,0.6155101485027268
246,-0.02293568054673706,0.032577765633717226,0.01137810289465353,0.021199662739063697,0.6232579315641904
247,-0.03111905273399399,-0.02293568054673706,0.011361724562611314,-0.034297405109348374,0.6309969682687724
248,-0.04670585128042454,-0.03111905273399399,0.011436702899191442,-0.04255575563318543,0.6387243482812714
249,-0.040617870374361896,-0.04670585128042454,0.0076268169785233715,-0.054332668258947905,0.6464371656500918
250,-0.03680022925287369,-0.040617870374361896,0.0056663831492139586,-0.046284253523575854,0.6541325199000522
251,-0.036358512491409214,-0.03680022925287369,0.0007614009294169234,-0.03756163018229061,0.6618075171231361
252,-0.014114897319505777,-0.036358512491409214,-0.002796872319252951,-0.033561640172156265,0.6694592710667724
253,0.03744623887758302,-0.014114897319505777,-0.005564900283698828,-0.00854999703580695,0.677084904219236
254,0.031313627592756514,0.03744623887758302,-0.004897830821970676,0.0423440696995537,0.6846815488917644
255,0.04203792233297331,0.031313627592756514,-0.0022386324942025126,0.033552260086959024,0.6922463482969761
256,0.05515848864245448,0.04203792233297331,-8.697164023003124e-05,0.04212489397320334,0.6997764576231924
257,0.08253511414296909,0.05515848864245448,0.004568896782673085,0.050589591859781395,0.7072690451042547
258,0.08951582717103274,0.08253511414296909,0.009381503871169159,0.07315361027179992,0.7147212930844362
259,0.10111126211284381,0.08951582717103274,0.013264417336739664,0.07625140983429307,0.7221303990780452
260,0.08517870356882842,0.10111126211284381,0.018967001274686424,0.08214426083815739,0.7294935768233284
261,0.10321044092319079,0.08517870356882842,0.019284425162442404,0.06589427840638602,0.7368080573302673
262,0.1451951404102929,0.10321044092319079,0.0366720178997288,0.066538423023462,0.7440710899218843
263,0.1208151476377313,0.1451951404102929,0.04825379261590744,0.09694134779438547,0.751279943268657
264,0.10182963305145347,0.1208151476377313,0.03264047288641161,0.08817467475131968,0.7584319064156626
265,0.15300284275891032,0.10182963305145347,0.061710706172015725,0.040118926879437744,0.7655242898020558
266,0.12448286166191502,0.15300284275891032,0.04661670756309652,0.1063861351958138,0.7725544262725015
267,0.1166281266726503,0.12448286166191502,0.03221071268676261,0.09227214897515242,0.7795196720801849
268,0.13874015941830345,0.1166281266726503,0.07071121633700456,0.04591691033564574,0.7864174078810156
269,0.10942321496511265,0.13874015941830345,0.09330753797810903,0.045432621440194415,0.7932450397186552
270,0.0992580785050402,0.10942321496511265,0.06521836339476068,0.04420485157035196,0.7999999999999998
271,0.10467895648086595,0.0992580785050402,0.062204439042768546,0.03705363946227166,0.8066797484607451
272,0.09337549439812637,0.10467895648086595,0.0919645383857687,0.012714418095097255,0.8132817731206767
273,0.10028304238601263,0.09337549439812637,0.088879582558455,0.004495911839671365,0.8198035912283226
274,0.13322466799447466,0.10028304238601263,0.08781888253533868,0.01246415985067395,0.8262427501946155
275,0.14090783980927105,0.13322466799447466,0.10362972505464586,0.029594942939828797,0.8325968285152106
276,0.16081596794172912,0.14090783980927105,0.08188638722356945,0.0590214525857016,0.8388634366811143
277,0.18410846576299827,0.16081596794172912,0.07675508396221517,0.08406088397951395,0.8450402180772809
278,0.13420384695302653,0.18410846576299827,0.09926643624381336,0.08484202951918492,0.8511248498688395
279,0.15077792885165148,0.13420384695302653,0.10752028473796665,0.02668356221505988,0.8571150438746158
280,0.17366497178679494,0.15077792885165148,0.10644988927297243,0.04432803957867905,0.8630085474276254
281,0.1773041926198179,0.17366497178679494,0.12703687936886413,0.04662809241793081,0.8688031442222088
282,0.18238587190053174,0.1773041926198179,0.1410657516050475,0.03623844101477039,0.8744966551474933
283,0.17399328276129447,0.18238587190053174,0.13563437077909257,0.046751501121439165,0.8800869391068675
284,0.18534159824681534,0.17399328276129447,0.15162993817962242,0.02236334458167205,0.8855718938231596
285,0.1869992924712443,0.18534159824681534,0.15158888493816508,0.03375271330865026,0.8909494566292195
286,0.18049988251346866,0.1869992924712443,0.10847988026600337,0.07851941220524093,0.896217605243602
287,0.19646401600414826,0.18049988251346866,0.1787517833948571,0.001748099118611568,0.9013743585310643
288,0.19265319564175318,0.19646401600414826,0.12495040221548019,0.07151361378866807,0.9064177772475912
289,0.19245227256990333,0.19265319564175318,0.16489937212973135,0.027753823512021825,0.9113459647696638
290,0.1675815834124628,0.19245227256990333,0.162093825463002,0.030358447106901332,0.9161570678075035
291,0.17193516778893606,0.1675815834124628,0.19902705540867827,-0.031445471996215474,0.9208492771020176
292,0.19546268146903883,0.17193516778893606,0.12617445202057415,0.04576071576836191,0.925420828105187
293,0.20167737867869406,0.19546268146903883,0.16971656847837138,0.025746112990667452,0.9298700016436425
294,0.1753818442568241,0.20167737867869406,0.1564587222658928,0.04521865641280126,0.9341951245651747
295,0.1688275901371753,0.1753818442568241,0.17865694801716753,-0.0032751037603434285,0.9383945703679364
296,0.16365584903380634,0.1688275901371753,0.15757276269471115,0.011254827442464144,0.9424667598121066
297,0.16586788657761117,0.16365584903380634,0.18580801531744956,-0.02215216628364322,0.9464101615137754
298,0.16918055928676756,0.16586788657761117,0.14452910749432352,0.021338779083287657,0.9502232925208365
299,0.1564634788560426,0.16918055928676756,0.1523891662803245,0.016791393006443056,0.9539047188706631
